{
  "cars": [
    {
      "carType": "Sedan",
      "brand": "Toyota",
      "carModel": "Corolla",
      "image": "https://carsguide-res.cloudinary.com/image/upload/c_fit,h_841,w_1490,f_auto,t_cg_base/v1/editorial/corolla-ascent-sedan-%285%29.jpg",
      "yearOfManufacture": 2014,
      "mileage": "30,000 km",
      "fuelType": "Gasoline",
      "available": true,
      "pricePerDay": 50,
      "description": "A reliable and fuel-efficient sedan perfect for daily commuting.",
      "vin": "1HGBH41JXMN109186",
      "unavailableDates": [
        {
          "start": "2025-05-30",
          "end": "2025-05-31"
        },
        {
          "start": "2025-05-30",
          "end": "2025-05-31"
        }
      ]
    },
    {
      "carType": "SUV",
      "brand": "Honda",
      "carModel": "CR-V",
      "image": "https://preview.free3d.com/img/2021/05/3190186353052615912/255cynjj.jpg",
      "yearOfManufacture": 2001,
      "mileage": "45,000 km",
      "fuelType": "Gasoline",
      "available": false,
      "pricePerDay": 70,
      "description": "Spacious and versatile, great for family trips and outdoor adventures.",
      "vin": "2HGFC2F60KH123456"
    },
    {
      "carType": "Coupe",
      "brand": "Ford",
      "carModel": "Mustang",
      "image": "https://images.pexels.com/photos/9334965/pexels-photo-9334965.jpeg?auto=compress&cs=tinysrgb&w=1260&h=750&dpr=2",
      "yearOfManufacture": 2010,
      "mileage": "15,000 km",
      "fuelType": "Gasoline",
      "available": true,
      "pricePerDay": 120,
      "description": "A powerful and stylish coupe offering an exhilarating driving experience.",
      "vin": "1FA6P8TH6J5134567",
      "unavailableDates": [
        {
          "start": "2025-05-30",
          "end": "2025-05-31"
        },
        {
          "start": "2025-05-30",
          "end": "2025-05-31"
        }
      ]
    },
    {
      "carType": "Sedan",
      "brand": "Hyundai",
      "carModel": "Elantra",
      "image": "https://carsguide-res.cloudinary.com/image/upload/c_fit,h_841,w_1490,f_auto,t_cg_base/v1/editorial/2018-Hyundai-Elantra-review-white-1001x565p%20%2815%29.jpg",
      "yearOfManufacture": 2018,
      "mileage": "22,000 km",
      "fuelType": "Gasoline",
      "available": true,
      "pricePerDay": 55,
      "description": "Compact, comfortable, and great for city driving.",
      "vin": "3HGBH41JXMN109101"
    },
    {
      "carType": "SUV",
      "brand": "Mazda",
      "carModel": "CX-5",
      "image": "https://www.topgear.com/sites/default/files/cars-car/carousel/2021/02/cx-5-skyactiv-g-awd-gt-sport-auto-action-3.jpg?w=1784&h=1004",
      "yearOfManufacture": 2020,
      "mileage": "12,000 km",
      "fuelType": "Gasoline",
      "available": true,
      "pricePerDay": 85,
      "description": "Modern SUV with a smooth ride and smart safety features.",
      "vin": "4HGFC2F60KH123457"
    },
    {
      "carType": "Wagon",
      "brand": "Subaru",
      "carModel": "Outback",
      "image": "https://www.chasingcars.com.au/wp-content/uploads/2017/02/2017-Subaru-Outback-Premium-Platinum-Grey-rear-end-%E2%80%93-Chasing-Cars-1024x575.jpg",
      "yearOfManufacture": 2017,
      "mileage": "40,000 km",
      "fuelType": "Gasoline",
      "available": true,
      "pricePerDay": 75,
      "description": "Reliable AWD wagon ideal for all terrains.",
      "vin": "5FAFP4044WF123456"
    },
    {
      "carType": "Coupe",
      "brand": "Chevrolet",
      "carModel": "Camaro",
      "image": "https://media.whichcar.com.au/uploads/2025/02/27f2a60e-Chevrolet-Camaro-main.jpg",
      "yearOfManufacture": 2016,
      "mileage": "18,000 km",
      "fuelType": "Gasoline",
      "available": true,
      "pricePerDay": 110,
      "description": "Sporty performance with head-turning looks.",
      "vin": "1CHEVY6JXMN198765"
    },
    {
      "carType": "Hatchback",
      "brand": "Volkswagen",
      "carModel": "Golf",
      "image": "https://carsguide-res.cloudinary.com/image/upload/c_fit,h_841,w_1490,f_auto,t_cg_base/v1/editorial/2019-volkswagen-golf-specs-revealed-press-image-1001x565p-%284%29.jpg",
      "yearOfManufacture": 2019,
      "mileage": "25,000 km",
      "fuelType": "Diesel",
      "available": true,
      "pricePerDay": 60,
      "description": "Stylish and practical hatchback with German engineering.",
      "vin": "2VWFC2F60KH900123"
    },
    {
      "carType": "Convertible",
      "brand": "BMW",
      "carModel": "Z4",
      "image": "https://hips.hearstapps.com/hmg-prod/images/2020-bmw-z4-m40i-105-1568895913.jpg",
      "yearOfManufacture": 2021,
      "mileage": "8,000 km",
      "fuelType": "Gasoline",
      "available": true,
      "pricePerDay": 150,
      "description": "Luxurious open-top driving experience.",
      "vin": "WBAZ4JXMN1234567"
    },
    {
      "carType": "Sedan",
      "brand": "Kia",
      "carModel": "Optima",
      "image": "https://www.edmunds.com/assets/m/kia/optima/2015/oem/2015_kia_optima_sedan_sx-turbo_fq_oem_1_815.jpg",
      "yearOfManufacture": 2015,
      "mileage": "60,000 km",
      "fuelType": "Gasoline",
      "available": false,
      "pricePerDay": 48,
      "description": "Affordable and efficient with modern features.",
      "vin": "KNAFU4A28E5123456"
    },
    {
      "carType": "SUV",
      "brand": "Nissan",
      "carModel": "X-Trail",
      "image": "https://media.drive.com.au/obj/tx_q:70,rs:auto:1600:900:1/caradvice/private/2c6b614857a456113df3d451d9010706",
      "yearOfManufacture": 2018,
      "mileage": "30,000 km",
      "fuelType": "Petrol",
      "available": true,
      "pricePerDay": 80,
      "description": "Spacious and reliable for long road trips.",
      "vin": "JN1TANT32A0001234"
    },
    {
      "carType": "Ute",
      "brand": "Toyota",
      "carModel": "Hilux",
      "image": "https://media.drive.com.au/obj/tx_q:70,rs:auto:1600:900:1/caradvice/private/wqbjdzqswsvtuememtux",
      "yearOfManufacture": 2016,
      "mileage": "50,000 km",
      "fuelType": "Diesel",
      "available": true,
      "pricePerDay": 95,
      "description": "Durable utility vehicle with off-road capabilities.",
      "vin": "MR0HA3CDX01012345"
    },
    {
      "carType": "Van",
      "brand": "Renault",
      "carModel": "Kangoo",
      "image": "https://www.automoli.com/common/vehicles/_assets/img/gallery/f120/renault-kangoo-ii-express-facelift-2013.jpg",
      "yearOfManufacture": 2013,
      "mileage": "75,000 km",
      "fuelType": "Diesel",
      "available": true,
      "pricePerDay": 58,
      "description": "Compact van great for city logistics.",
      "vin": "VF1FW1RAA49123456"
    },
    {
      "carType": "Electric",
      "brand": "Tesla",
      "carModel": "Model 3",
      "image": "https://d2s8i866417m9.cloudfront.net/photo/11332211/photo/medium-20b7e8e737ce491a73e99b56fb5f1add.jpg",
      "yearOfManufacture": 2022,
      "mileage": "5,000 km",
      "fuelType": "Electric",
      "available": true,
      "pricePerDay": 130,
      "description": "Smart electric sedan with autopilot features.",
      "vin": "5YJ3E1EA7KF123456"
    },
    {
      "carType": "Sedan",
      "brand": "Mercedes-Benz",
      "carModel": "C-Class",
      "image": "https://media.drive.com.au/obj/tx_q:50,rs:auto:1200:675:1/driveau/upload/cms/uploads/cKqsVVn1SbOtPtXYadED",
      "yearOfManufacture": 2019,
      "mileage": "20,000 km",
      "fuelType": "Petrol",
      "available": true,
      "pricePerDay": 140,
      "description": "Premium comfort and smooth German engineering.",
      "vin": "WDDWF4JB5KR123456"
    },
    {
      "carType": "Hatchback",
      "brand": "Toyota",
      "carModel": "Yaris",
      "image": "https://images.carexpert.com.au/resize/1920/-/cms/v1/media/2020-09-2021-toyota-yaris-zr-2.jpg",
      "yearOfManufacture": 2020,
      "mileage": "18,000 km",
      "fuelType": "Petrol",
      "available": false,
      "pricePerDay": 52,
      "description": "Compact and ideal for short-distance urban driving.",
      "vin": "JTDKTUD38A1234567"
    },
    {
      "carType": "Sedan",
      "brand": "Audi",
      "carModel": "A4",
      "image": "https://editorial.pxcrush.net/carsales/general/editorial/audi_a4_sedan_35tfsi_025.jpg",
      "yearOfManufacture": 2020,
      "mileage": "16,000 km",
      "fuelType": "Petrol",
      "available": true,
      "pricePerDay": 125,
      "description": "Executive styling with responsive handling.",
      "vin": "WAUENAF40JA123456"
    },
    {
      "carType": "SUV",
      "brand": "Hyundai",
      "carModel": "Tucson",
      "image": "https://media.drive.com.au/obj/tx_q:70,rs:auto:1600:900:1/driveau/upload/cms/uploads/uftlzbumzmrtcvbijlpx",
      "yearOfManufacture": 2021,
      "mileage": "9,000 km",
      "fuelType": "Petrol",
      "available": true,
      "pricePerDay": 88,
      "description": "Smart safety SUV with family-friendly design.",
      "vin": "KM8J3CA46JU123456"
    }
  ]
}
